Mes,Anyo,Valor
1,1985,
2,1985,9.3
3,1985,9.2
4,1985,13.3
5,1985,14.8
6,1985,21.7
7,1985,26.2
8,1985,24.9
9,1985,24.2
10,1985,17.2
11,1985,8.7
12,1985,6.1
1,1986,5.1
2,1986,5.9
3,1986,9.9
4,1986,8.8
5,1986,18.7
6,1986,22.3
7,1986,26.1
8,1986,24.0
9,1986,21.0
10,1986,15.7
11,1986,9.9
12,1986,6.3
1,1987,5.2
2,1987,7.4
3,1987,11.5
4,1987,14.0
5,1987,16.7
6,1987,22.0
7,1987,23.9
8,1987,25.7
9,1987,23.9
10,1987,13.4
11,1987,9.9
12,1987,8.3
1,1988,7.8
2,1988,7.6
3,1988,11.7
4,1988,12.5
5,1988,15.5
6,1988,18.2
7,1988,24.3
8,1988,25.2
9,1988,21.6
10,1988,15.4
11,1988,10.3
12,1988,6.6
1,1989,6.6
2,1989,8.7
3,1989,12.6
4,1989,10.9
5,1989,18.4
6,1989,22.2
7,1989,26.7
8,1989,26.0
9,1989,19.8
10,1989,16.6
11,1989,11.9
12,1989,9.5
1,1990,6.4
2,1990,10.9
3,1990,11.5
4,1990,11.2
5,1990,17.8
6,1990,23.4
7,1990,26.4
8,1990,25.8
9,1990,22.0
10,1990,14.7
11,1990,9.3
12,1990,5.3
1,1991,5.6
2,1991,5.9
3,1991,10.4
4,1991,11.8
5,1991,16.0
6,1991,23.4
7,1991,26.5
8,1991,27.2
9,1991,21.9
10,1991,12.3
11,1991,9.4
12,1991,7.2
1,1992,4.7
2,1992,7.5
3,1992,11.4
4,1992,14.0
5,1992,18.5
6,1992,17.4
7,1992,26.3
8,1992,25.3
9,1992,20.9
10,1992,12.7
11,1992,11.2
12,1992,7.4
1,1993,5.9
2,1993,7.3
3,1993,10.6
4,1993,12.0
5,1993,15.6
6,1993,21.0
7,1993,25.3
8,1993,25.6
9,1993,18.7
10,1993,11.2
11,1993,8.8
12,1993,6.5
1,1994,6.1
2,1994,7.1
3,1994,13.9
4,1994,12.2
5,1994,16.9
6,1994,22.8
7,1994,27.8
8,1994,26.4
9,1994,18.6
10,1994,15.4
11,1994,11.4
12,1994,7.2
1,1995,6.8
2,1995,8.9
3,1995,11.5
4,1995,14.5
5,1995,18.9
6,1995,22.1
7,1995,26.4
8,1995,25.1
9,1995,18.3
10,1995,17.5
11,1995,11.7
12,1995,8.4
1,1996,7.9
2,1996,6.4
3,1996,10.3
4,1996,14.0
5,1996,15.9
6,1996,22.8
7,1996,25.0
8,1996,23.6
9,1996,18.3
10,1996,15.0
11,1996,10.2
12,1996,7.4
1,1997,7.1
2,1997,10.3
3,1997,14.7
4,1997,15.9
5,1997,16.5
6,1997,19.5
7,1997,23.2
8,1997,24.6
9,1997,22.4
10,1997,17.1
11,1997,9.5
12,1997,6.9
1,1998,7.1
2,1998,9.9
3,1998,13.2
4,1998,11.0
5,1998,15.7
6,1998,22.4
7,1998,26.1
8,1998,26.1
9,1998,20.2
10,1998,14.1
11,1998,9.8
12,1998,5.9
1,1999,6.0
2,1999,7.6
3,1999,10.8
4,1999,13.7
5,1999,18.0
6,1999,22.1
7,1999,26.3
8,1999,25.5
9,1999,20.1
10,1999,14.6
11,1999,7.8
12,1999,5.9
1,2000,4.8
2,2000,10.8
3,2000,12.1
4,2000,10.7
5,2000,18.1
6,2000,23.1
7,2000,23.9
8,2000,24.4
9,2000,21.0
10,2000,14.8
11,2000,8.8
12,2000,7.6
1,2001,7.2
2,2001,8.5
3,2001,12.3
4,2001,13.7
5,2001,16.8
6,2001,23.4
7,2001,24.2
8,2001,25.6
9,2001,20.4
10,2001,16.2
11,2001,8.1
12,2001,4.2
1,2002,7.2
2,2002,9.0
3,2002,11.3
4,2002,13.7
5,2002,15.6
6,2002,23.5
7,2002,24.8
8,2002,23.7
9,2002,19.7
10,2002,14.8
11,2002,9.9
12,2002,8.7
1,2003,6.1
2,2003,6.8
3,2003,12.3
4,2003,13.4
5,2003,18.7
6,2003,25.5
7,2003,25.9
8,2003,27.2
9,2003,21.8
10,2003,14.0
11,2003,10.4
12,2003,6.8
1,2004,7.6
2,2004,8.1
3,2004,9.4
4,2004,12.4
5,2004,15.1
6,2004,24.5
7,2004,25.6
8,2004,24.1
9,2004,22.3
10,2004,15.6
11,2004,9.2
12,2004,7.4
1,2005,5.8
2,2005,5.2
3,2005,10.9
4,2005,14.3
5,2005,19.2
6,2005,25.1
7,2005,26.6
8,2005,25.7
9,2005,20.6
10,2005,15.4
11,2005,8.6
12,2005,6.2
1,2006,5.6
2,2006,6.7
3,2006,11.3
4,2006,14.9
5,2006,19.7
6,2006,23.5
7,2006,27.3
8,2006,24.2
9,2006,22.0
10,2006,16.9
11,2006,11.9
12,2006,6.6
1,2007,6.5
2,2007,9.3
3,2007,10.1
4,2007,13.2
5,2007,16.4
6,2007,20.2
7,2007,24.7
8,2007,23.7
9,2007,21.2
10,2007,15.0
11,2007,9.1
12,2007,6.3
1,2008,8.0
2,2008,9.3
3,2008,10.9
4,2008,14.0
5,2008,15.5
6,2008,21.2
7,2008,25.0
8,2008,25.7
9,2008,19.8
10,2008,14.6
11,2008,7.9
12,2008,6.3
1,2009,5.2
2,2009,7.9
3,2009,12.4
4,2009,12.6
5,2009,19.3
6,2009,23.7
7,2009,26.3
8,2009,27.5
9,2009,21.5
10,2009,17.3
11,2009,11.5
12,2009,6.2
1,2010,5.4
2,2010,6.4
3,2010,9.3
4,2010,14.3
5,2010,16.2
6,2010,21.1
7,2010,27.5
8,2010,26.0
9,2010,21.3
10,2010,14.1
11,2010,8.7
12,2010,6.2
1,2011,6.4
2,2011,8.5
3,2011,10.0
4,2011,16.7
5,2011,19.1
6,2011,22.8
7,2011,25.1
8,2011,25.9
9,2011,22.7
10,2011,17.2
11,2011,11.2
12,2011,6.9
1,2012,6.7
2,2012,6.2
3,2012,11.9
4,2012,11.6
5,2012,19.2
6,2012,24.5
7,2012,26.2
8,2012,26.9
9,2012,21.2
10,2012,
11,2012,
12,2012,
